Fund Name,P1,P2,P3,P4,P5,TOPSIS Score,Rank
M1,0.63,0.4,5.7,48.3,13.76,0.4081285348263359,6.0
M2,0.72,0.52,3.9,43.4,12.14,0.24537772058714818,7.0
M3,0.83,0.69,3.8,59.3,16.16,0.5767066504851865,3.0
M4,0.92,0.85,5.9,54.7,15.59,0.8876120866477651,1.0
M5,0.95,0.9,5.3,38.2,11.34,0.6156613925017822,2.0
M6,0.66,0.44,3.7,45.6,12.6,0.1877306891393404,8.0
M7,0.92,0.85,3.2,45.0,12.49,0.5178036232160306,4.0
M8,0.79,0.62,4.9,38.7,11.25,0.40823364529600265,5.0
